{"pipeline_id": "my_pipeline", "start_time": 1748287311.339256, "end_time": 1748287311.696349, "stages": [{"stage_name": "load_data", "start_time": 1748287311.3395672, "end_time": 1748287311.4622788, "duration_ms": 122.7116584777832, "records_processed": 30, "memory_usage_mb": 55.859375, "cpu_percent": 0.0, "spark_metrics": {}}, {"stage_name": "transform_data", "start_time": 1748287311.462472, "end_time": 1748287311.5361679, "duration_ms": 73.69589805603027, "records_processed": 5, "memory_usage_mb": 55.84375, "cpu_percent": 0.0, "spark_metrics": {}}, {"stage_name": "write_results", "start_time": 1748287311.536383, "end_time": 1748287311.696212, "duration_ms": 159.82913970947266, "records_processed": 0, "memory_usage_mb": 55.796875, "cpu_percent": 0.0, "spark_metrics": {}}], "total_duration_ms": 357.09285736083984, "peak_memory_mb": 55.859375, "avg_cpu_percent": 0.0}