{"pipeline_id": "my_pipeline", "start_time": 1748287304.6855838, "end_time": 1748287310.706511, "stages": [{"stage_name": "load_data", "start_time": 1748287307.759969, "end_time": 1748287309.454813, "duration_ms": 1694.8440074920654, "records_processed": 30, "memory_usage_mb": 137.484375, "cpu_percent": 0.0, "spark_metrics": {}}, {"stage_name": "transform_data", "start_time": 1748287309.455034, "end_time": 1748287309.767248, "duration_ms": 312.2138977050781, "records_processed": 5, "memory_usage_mb": 137.484375, "cpu_percent": 0.0, "spark_metrics": {}}, {"stage_name": "write_results", "start_time": 1748287309.767431, "end_time": 1748287310.7062788, "duration_ms": 938.8477802276611, "records_processed": 0, "memory_usage_mb": 137.328125, "cpu_percent": 0.0, "spark_metrics": {}}], "total_duration_ms": 6020.92719078064, "peak_memory_mb": 137.484375, "avg_cpu_percent": 0.0}